-- phpMyAdmin SQL Dump
-- version 5.2.0-dev+20220509.f95b261844
-- https://www.phpmyadmin.net/
--
-- Host: 127.0.0.1
-- Generation Time: Jul 08, 2022 at 02:01 PM
-- Server version: 10.4.24-MariaDB
-- PHP Version: 8.1.4

SET SQL_MODE = "NO_AUTO_VALUE_ON_ZERO";
START TRANSACTION;
SET time_zone = "+00:00";


/*!40101 SET @OLD_CHARACTER_SET_CLIENT=@@CHARACTER_SET_CLIENT */;
/*!40101 SET @OLD_CHARACTER_SET_RESULTS=@@CHARACTER_SET_RESULTS */;
/*!40101 SET @OLD_COLLATION_CONNECTION=@@COLLATION_CONNECTION */;
/*!40101 SET NAMES utf8mb4 */;

--
-- Database: `db_osis`
--

-- --------------------------------------------------------

--
-- Table structure for table `data_siswa_models`
--

CREATE TABLE `data_siswa_models` (
  `id_dataSiswa` bigint(20) UNSIGNED NOT NULL,
  `jurusan_model_id` bigint(20) UNSIGNED NOT NULL,
  `nis` varchar(255) COLLATE utf8mb4_unicode_ci NOT NULL,
  `nama` varchar(255) COLLATE utf8mb4_unicode_ci NOT NULL,
  `point` int(11) NOT NULL
) ENGINE=InnoDB DEFAULT CHARSET=utf8mb4 COLLATE=utf8mb4_unicode_ci;

--
-- Dumping data for table `data_siswa_models`
--

INSERT INTO `data_siswa_models` (`id_dataSiswa`, `jurusan_model_id`, `nis`, `nama`, `point`) VALUES
(1, 3, '234234', 'Cayadi Natsir M.Pd', -5),
(2, 10, '234234', 'Hesti Padma Purwanti S.Ked', -185),
(3, 2, '234234', 'Halima Wastuti M.Kom.', -15),
(4, 6, '234234', 'Titin Safina Yuniar S.E.I', 0),
(5, 9, '234234', 'Ifa Gilda Namaga', 0),
(6, 6, '234234', 'Adinata Jarwadi Nainggolan S.Ked', 0),
(7, 2, '234234', 'Pardi Jagapati Maheswara', -65),
(8, 7, '234234', 'Wadi Adriansyah S.T.', 0),
(9, 3, '234234', 'Jamalia Mandasari', 0),
(10, 2, '234234', 'Arsipatra Ganep Wasita', -5),
(11, 3, '234234', 'Bakidin Suryono S.Pd', 0),
(12, 2, '234234', 'Sadina Queen Wahyuni', 0),
(13, 9, '234234', 'Oni Rahayu S.E.', 0),
(14, 4, '234234', 'Devi Hastuti M.M.', 0),
(15, 7, '234234', 'Yani Hastuti', 0),
(16, 8, '234234', 'Lidya Olivia Pertiwi S.I.Kom', 0),
(17, 10, '234234', 'Maria Laksmiwati S.Sos', 0),
(18, 3, '234234', 'Jamalia Rahayu M.M.', 0),
(19, 8, '234234', 'Salman Hakim S.H.', 0),
(20, 1, '234234', 'Wardaya Megantara', -5),
(21, 4, '234234', 'Siti Pertiwi', 0),
(22, 10, '234234', 'Edison Waluyo', 0),
(23, 3, '234234', 'Gabriella Pratiwi', 0),
(24, 9, '234234', 'Rika Hasanah M.TI.', 0),
(25, 8, '234234', 'Wakiman Simanjuntak', 0),
(26, 8, '234234', 'Fitriani Anastasia Rahmawati S.IP', 0),
(27, 2, '234234', 'Ade Hidayanto', 0),
(28, 9, '234234', 'Karen Sadina Melani', 0),
(29, 4, '234234', 'Cagak Atma Wibisono', 0),
(30, 8, '234234', 'Gandi Salman Simbolon', 0),
(31, 2, '234234', 'Edward Mahendra', 0),
(32, 5, '234234', 'Vino Nainggolan S.Ked', 0),
(33, 1, '234234', 'Mustika Kusumo M.Kom.', 0),
(34, 7, '234234', 'Unggul Hardiansyah S.Pd', 0),
(35, 8, '234234', 'Gasti Tami Yuliarti', 0),
(36, 7, '234234', 'Kani Safitri', 0),
(37, 2, '234234', 'Amelia Lestari', 0),
(38, 5, '234234', 'Wasis Pradana', -5),
(39, 6, '234234', 'Sarah Nasyiah', 0),
(40, 6, '234234', 'Malika Usamah', 0),
(41, 4, '234234', 'Damar Wahyudin', 0),
(42, 9, '234234', 'Ajeng Elvina Suartini S.Pt', 0),
(43, 7, '234234', 'Ida Anggraini M.TI.', 0),
(44, 7, '234234', 'Kalim Santoso', 0),
(45, 9, '234234', 'Bakti Narpati S.E.I', 0),
(46, 7, '234234', 'Jamalia Utami S.E.I', 0),
(47, 1, '234234', 'Prima Situmorang', 0),
(48, 7, '234234', 'Irma Kamaria Farida M.Ak', 0),
(49, 8, '234234', 'Julia Fujiati', 0),
(50, 8, '234234', 'Prayogo Gandi Mustofa S.Ked', 0),
(51, 4, '234234', 'Putri Lintang Yuliarti S.Gz', 0),
(52, 10, '234234', 'Kasim Prasasta', 0),
(53, 10, '234234', 'Jati Wahyudin', 0),
(54, 1, '234234', 'Karna Sihotang M.TI.', 0),
(55, 6, '234234', 'Zalindra Zizi Hariyah S.Pd', 0),
(56, 2, '234234', 'Patricia Wulandari', 0),
(57, 3, '234234', 'Farah Mulyani', 0),
(58, 8, '234234', 'Kenzie Lazuardi', 0),
(59, 9, '234234', 'Tami Wastuti', 0),
(60, 2, '234234', 'Kasiran Wibowo', 0),
(61, 8, '234234', 'Siska Nadine Pertiwi M.Kom.', 0),
(62, 1, '234234', 'Asirwada Marsito Hutagalung M.Kom.', 0),
(63, 4, '234234', 'Damar Megantara S.Farm', 0),
(64, 4, '234234', 'Aslijan Damar Putra M.Kom.', 0),
(65, 3, '234234', 'Nugraha Eka Mahendra M.M.', 0),
(66, 5, '234234', 'Cecep Adriansyah', 0),
(67, 2, '234234', 'Ajimin Permadi', 0),
(68, 5, '234234', 'Nurul Oliva Purwanti', 0),
(69, 7, '234234', 'Aris Nashiruddin', 0),
(70, 2, '234234', 'Vera Puput Zulaika M.Kom.', 0),
(71, 8, '234234', 'Tirta Hutasoit S.Pt', 0),
(72, 2, '234234', 'Rahayu Gabriella Zulaika S.E.', 0),
(73, 8, '234234', 'Jais Mansur', 0),
(74, 9, '234234', 'Dasa Sihombing S.H.', 0),
(75, 5, '234234', 'Olivia Hartati S.Pt', 0),
(76, 5, '234234', 'Jane Wulandari', 0),
(77, 1, '234234', 'Cindy Utami', -10),
(78, 10, '234234', 'Caturangga Eman Sihotang', 0),
(79, 1, '234234', 'Betania Vanya Lestari S.Kom', 0),
(80, 4, '234234', 'Bahuraksa Teddy Wahyudin S.H.', 0),
(81, 3, '234234', 'Panca Muhammad Tarihoran', 0),
(82, 2, '234234', 'Ibun Imam Haryanto S.I.Kom', 0),
(83, 10, '234234', 'Tri Prayoga', 0),
(84, 8, '234234', 'Zulaikha Mulyani', 0),
(85, 6, '234234', 'Sabrina Rahayu S.I.Kom', 0),
(86, 4, '234234', 'Lamar Suwarno', 0),
(87, 4, '234234', 'Aurora Yolanda S.Psi', 0),
(88, 9, '234234', 'Lili Halimah S.Farm', 0),
(89, 9, '234234', 'Olivia Maimunah Safitri S.Pt', 0),
(90, 10, '234234', 'Dina Purwanti', 0),
(91, 5, '234234', 'Muhammad Maulana', 0),
(92, 2, '234234', 'Rafid Napitupulu', 0),
(93, 1, '234234', 'Nova Rahayu', 0),
(94, 7, '234234', 'Karen Kiandra Riyanti M.M.', 0),
(95, 3, '234234', 'Melinda Puspita S.Ked', 0),
(96, 5, '234234', 'Latif Wibisono M.TI.', 0),
(97, 6, '234234', 'Lutfan Salahudin', 0),
(98, 4, '234234', 'Praba Setiawan', 0),
(99, 6, '234234', 'Naradi Budiyanto', 0),
(100, 7, '234234', 'Yuliana Usamah', 0),
(101, 9, '234234', 'Dagel Cawuk Sirait', 0),
(102, 10, '234234', 'Tri Firmansyah', 0),
(103, 1, '234234', 'Galuh Gandi Tampubolon M.Ak', 0),
(104, 4, '234234', 'Carla Usamah', -20),
(105, 7, '234234', 'Harjaya Bancar Saputra S.Sos', 0),
(106, 3, '234234', 'Artawan Hidayat', 0),
(107, 3, '234234', 'Enteng Prasetyo', 0),
(108, 2, '234234', 'Nasim Manullang S.Pt', 0),
(109, 8, '234234', 'Rina Jessica Pudjiastuti M.M.', 0),
(110, 8, '234234', 'Tania Hafshah Yuliarti S.Pt', 0),
(111, 3, '234234', 'Edi Sihombing S.Farm', 0),
(112, 9, '234234', 'Hamzah Wibisono S.Ked', 0),
(113, 6, '234234', 'Titin Halimah', 0),
(114, 4, '234234', 'Johan Pratama S.Gz', 0),
(115, 4, '234234', 'Diana Halimah', 0),
(116, 7, '234234', 'Febi Kusmawati', 0),
(117, 5, '234234', 'Mursinin Iswahyudi', 0),
(118, 8, '234234', 'Bahuraksa Setiawan M.Kom.', 0),
(119, 3, '234234', 'Artawan Raditya Uwais', 0),
(120, 7, '234234', 'Dagel Hutapea', 0),
(121, 4, '234234', 'Pandu Cemeti Dongoran M.Farm', 0),
(122, 9, '234234', 'Xanana Gunawan S.Sos', 0),
(123, 7, '234234', 'Karen Nasyidah S.I.Kom', 0),
(124, 2, '234234', 'Lukita Tirtayasa Mahendra', 0),
(125, 6, '234234', 'Upik Gaduh Mangunsong', 0),
(126, 4, '234234', 'Lidya Maida Susanti S.E.I', 0),
(127, 10, '234234', 'Kartika Ella Hassanah', 0),
(128, 4, '234234', 'Umaya Tampubolon', 0),
(129, 5, '234234', 'Bajragin Agus Ramadan S.H.', 0),
(130, 9, '234234', 'Umay Jamal Saptono S.Kom', 0),
(131, 1, '234234', 'Cindy Wijayanti', 0),
(132, 7, '234234', 'Ilyas Firmansyah', 0),
(133, 3, '234234', 'Lembah Rajasa S.Farm', 0),
(134, 7, '234234', 'Danang Salahudin S.Farm', 0),
(135, 9, '234234', 'Hasna Padma Rahimah', 0),
(136, 10, '234234', 'Ana Yuliarti M.Ak', 0),
(137, 7, '234234', 'Paramita Rahimah', 0),
(138, 6, '234234', 'Kezia Diah Handayani', 0),
(139, 5, '234234', 'Mila Yuliarti M.TI.', 0),
(140, 5, '234234', 'Anastasia Umi Sudiati', 0),
(141, 8, '234234', 'Winda Yulianti', 0),
(142, 2, '234234', 'Farhunnisa Hilda Namaga M.M.', 0),
(143, 1, '234234', 'Ratna Intan Yuniar', -5),
(144, 9, '234234', 'Salwa Hariyah', 0),
(145, 9, '234234', 'Ghani Hutapea', 0),
(146, 1, '234234', 'Vicky Namaga', 0),
(147, 1, '234234', 'Raihan Damanik', 0),
(148, 6, '234234', 'Paiman Langgeng Anggriawan', 0),
(149, 7, '234234', 'Asman Setiawan M.M.', 0),
(150, 1, '234234', 'Siti Kayla Rahmawati S.Pt', 0),
(151, 2, '234234', 'Amalia Melani', 0),
(152, 9, '234234', 'Natalia Maryati', 0),
(153, 3, '234234', 'Karja Paiman Maulana M.Kom.', 0),
(154, 9, '234234', 'Rizki Gaduh Rajasa M.M.', 0),
(155, 5, '234234', 'Daryani Tampubolon', 0),
(156, 3, '234234', 'Chelsea Kiandra Suryatmi', 0),
(157, 10, '234234', 'Irnanto Nugroho', 0),
(158, 3, '234234', 'Tami Dian Nuraini S.E.I', 0),
(159, 3, '234234', 'Hamima Purwanti', 0),
(160, 2, '234234', 'Vicky Hastuti', 0),
(161, 4, '234234', 'Latika Wulandari', 0),
(162, 6, '234234', 'Tiara Maimunah Uyainah', 0),
(163, 9, '234234', 'Vanesa Usada', 0),
(164, 4, '234234', 'Umaya Hidayanto', 0),
(165, 4, '234234', 'Aurora Shakila Mulyani', 0),
(166, 2, '234234', 'Galur Waluyo', 0),
(167, 8, '234234', 'Garan Thamrin S.Pt', 0),
(168, 9, '234234', 'Karsa Maryadi', 0),
(169, 10, '234234', 'Novi Betania Wulandari S.E.I', 0),
(170, 3, '234234', 'Luis Irsad Waluyo', 0),
(171, 6, '234234', 'Ami Ani Susanti M.Kom.', 0),
(172, 3, '234234', 'Hana Ratih Haryanti', 0),
(173, 3, '234234', 'Xanana Lulut Haryanto S.I.Kom', 0),
(174, 10, '234234', 'Tri Hakim', 0),
(175, 5, '234234', 'Michelle Novitasari', 0),
(176, 6, '234234', 'Titin Rahimah', 0),
(177, 2, '234234', 'Salimah Zulaika', 0),
(178, 5, '234234', 'Kasim Sitorus', 0),
(179, 1, '234234', 'Dalimin Panca Natsir', 0),
(180, 5, '234234', 'Anggabaya Pardi Suryono', 0),
(181, 4, '234234', 'Lurhur Siregar', 0),
(182, 8, '234234', 'Ifa Nurdiyanti', 0),
(183, 7, '234234', 'Fathonah Agnes Halimah', 0),
(184, 6, '234234', 'Banawi Dongoran', 0),
(185, 2, '234234', 'Genta Gilda Wijayanti', 0),
(186, 3, '234234', 'Rangga Pangestu', 0),
(187, 5, '234234', 'Galang Jindra Kuswoyo', 0),
(188, 10, '234234', 'Farah Dina Hassanah', 0),
(189, 3, '234234', 'Tugiman Waluyo', 0),
(190, 1, '234234', 'Sari Safitri', 0),
(191, 5, '234234', 'Nasab Budiman', 0),
(192, 9, '234234', 'Lamar Emin Sirait', 0),
(193, 4, '234234', 'Mumpuni Uwais', 0),
(194, 3, '234234', 'Luhung Nababan M.Farm', 0),
(195, 1, '234234', 'Unjani Devi Suartini S.Pt', 0),
(196, 9, '234234', 'Kasiran Prabowo', 0),
(197, 2, '234234', 'Vivi Wijayanti M.Ak', 0),
(198, 1, '234234', 'Dadi Mursinin Winarno S.Gz', 0),
(199, 2, '234234', 'Latif Siregar', 0),
(200, 10, '234234', 'Nalar Siregar S.Pd', 0),
(201, 6, '234234', 'Carub Salahudin', 0),
(202, 6, '234234', 'Hendra Kawaca Kurniawan', 0),
(203, 8, '234234', 'Nyoman Estiono Jailani', 0),
(204, 3, '234234', 'Kiandra Palastri', 0),
(205, 8, '234234', 'Usyi Anggraini', 0),
(206, 3, '234234', 'Vivi Yuni Wijayanti', 0),
(207, 10, '234234', 'Dwi Cakrawangsa Simbolon S.T.', 0),
(208, 1, '234234', 'Ajimat Galang Hutagalung', 0),
(209, 6, '234234', 'Widya Anastasia Handayani', 0),
(210, 10, '234234', 'Hardi Wira Prabowo S.Kom', 0),
(211, 3, '234234', 'Silvia Raisa Padmasari', 0),
(212, 9, '234234', 'Fitriani Nasyidah', 0),
(213, 1, '234234', 'Ella Purwanti S.Sos', 0),
(214, 9, '234234', 'Surya Samosir', 0),
(215, 3, '234234', 'Lasmanto Bala Sihotang', 0),
(216, 7, '234234', 'Novi Utami', 0),
(217, 4, '234234', 'Tiara Pratiwi', 0),
(218, 6, '234234', 'Pranawa Simbolon', 0),
(219, 5, '234234', 'Indra Maulana', 0),
(220, 8, '234234', 'Karta Kemal Santoso', 0),
(221, 2, '234234', 'Darman Hardiansyah', 0),
(222, 6, '234234', 'Umi Purwanti S.H.', 0),
(223, 10, '234234', 'Cakrawangsa Rajasa', 0),
(224, 6, '234234', 'Jono Prasetyo Pradana', 0),
(225, 2, '234234', 'Rudi Hutapea S.Sos', 0),
(226, 9, '234234', 'Yulia Laras Wulandari', 0),
(227, 4, '234234', 'Diah Prastuti', 0),
(228, 2, '234234', 'Dian Susanti M.TI.', 0),
(229, 1, '234234', 'Mutia Yulianti', 0),
(230, 7, '234234', 'Alika Sarah Rahmawati', 0),
(231, 3, '234234', 'Mitra Prabowo', 0),
(232, 4, '234234', 'Rudi Situmorang', 0),
(233, 3, '234234', 'Halim Siregar', 0),
(234, 1, '234234', 'Garda Cawuk Sihombing', 0),
(235, 8, '234234', 'Calista Wijayanti M.Ak', 0),
(236, 4, '234234', 'Sari Melani', 0),
(237, 6, '234234', 'Jais Budi Hutagalung M.M.', 0),
(238, 10, '234234', 'Atmaja Firmansyah', 0),
(239, 3, '234234', 'Ana Lili Usamah', 0),
(240, 1, '234234', 'Padmi Lailasari', 0),
(241, 10, '234234', 'Wani Halimah', 0),
(242, 5, '234234', 'Lili Kezia Permata', 0),
(243, 8, '234234', 'Anastasia Novitasari', 0),
(244, 1, '234234', 'Kambali Marpaung', 0),
(245, 7, '234234', 'Betania Mandasari S.T.', 0),
(246, 9, '234234', 'Ella Widiastuti', 0),
(247, 9, '234234', 'Tiara Tantri Mayasari', 0),
(248, 5, '234234', 'Rika Yani Lestari', 0),
(249, 5, '234234', 'Ibrahim Saefullah S.IP', 0),
(250, 10, '234234', 'Juli Devi Rahayu', 0),
(251, 2, '234234', 'Cinta Hassanah', 0),
(252, 1, '234234', 'Opung Pradana S.Farm', 0),
(253, 3, '234234', 'Gatra Marbun', 0),
(254, 7, '234234', 'Mustofa Kurniawan', 0),
(255, 5, '234234', 'Mulya Rajasa', 0),
(256, 8, '234234', 'Purwa Sihombing M.TI.', 0),
(257, 5, '234234', 'Yance Prastuti S.I.Kom', 0),
(258, 3, '234234', 'Yance Kuswandari M.Kom.', 0),
(259, 2, '234234', 'Jasmin Anita Hartati S.T.', 0),
(260, 4, '234234', 'Widya Suci Yolanda', 0),
(261, 1, '234234', 'Janet Widiastuti M.Ak', 0),
(262, 10, '234234', 'Kawaya Adriansyah', 0),
(263, 10, '234234', 'Zelaya Kusmawati', 0),
(264, 3, '234234', 'Icha Yuniar', 0),
(265, 9, '234234', 'Prima Saragih M.TI.', 0),
(266, 3, '234234', 'Zulaikha Halimah', 0),
(267, 4, '234234', 'Ulya Nurdiyanti', 0),
(268, 8, '234234', 'Vanesa Nasyidah', 0),
(269, 9, '234234', 'Wardi Sirait', 0),
(270, 3, '234234', 'Cengkal Mahendra', 0),
(271, 1, '234234', 'Yono Lega Setiawan', 0),
(272, 6, '234234', 'Elvina Andriani', 0),
(273, 5, '234234', 'Nadia Shakila Puspasari', 0),
(274, 8, '234234', 'Jagapati Jailani', 0),
(275, 10, '234234', 'Nalar Hasim Utama M.TI.', 0),
(276, 8, '234234', 'Adika Damanik', 0),
(277, 2, '234234', 'Arsipatra Nalar Wijaya S.Kom', 0),
(278, 7, '234234', 'Nasim Wibowo', 0),
(279, 1, '234234', 'Dewi Ilsa Usamah', 0),
(280, 3, '234234', 'Ciaobella Hani Mandasari', 0),
(281, 8, '234234', 'Kani Riyanti', 0),
(282, 9, '234234', 'Cayadi Suryono', 0),
(283, 8, '234234', 'Harsaya Mustofa', 0),
(284, 6, '234234', 'Hilda Yuliarti S.E.I', 0),
(285, 4, '234234', 'Luluh Santoso', 0),
(286, 10, '234234', 'Gamanto Salahudin', 0),
(287, 3, '234234', 'Almira Mulyani', 0),
(288, 4, '234234', 'Utama Firmansyah', 0),
(289, 3, '234234', 'Kartika Violet Lestari', 0),
(290, 1, '234234', 'Saiful Halim', 0),
(291, 5, '234234', 'Gangsa Ikin Gunawan', 0),
(292, 8, '234234', 'Maya Handayani M.Pd', 0),
(293, 1, '234234', 'Darmana Jailani', 0),
(294, 7, '234234', 'Harto Salahudin', 0),
(295, 6, '234234', 'Mahdi Umar Siregar', 0),
(296, 10, '234234', 'Syahrini Iriana Agustina M.Ak', 0),
(297, 4, '234234', 'Balamantri Thamrin', 0),
(298, 5, '234234', 'Kania Nadine Safitri', 0),
(299, 9, '234234', 'Amelia Umi Wahyuni S.Pt', 0),
(300, 3, '234234', 'Bella Cinthia Nurdiyanti', 0),
(301, 4, '234234', 'Balidin Putra', 0),
(302, 9, '234234', 'Dadi Rudi Budiman', 0),
(303, 3, '234234', 'Argono Manullang', 0),
(304, 8, '234234', 'Prayoga Mustofa Putra S.IP', 0),
(305, 8, '234234', 'Julia Susanti', 0),
(306, 4, '234234', 'Rini Permata', 0),
(307, 3, '234234', 'Jati Pranowo', 0),
(308, 4, '234234', 'Aisyah Uyainah S.E.', 0),
(309, 1, '234234', 'Nrima Edison Sinaga', 0),
(310, 5, '234234', 'Lasmono Manullang', 0),
(311, 1, '234234', 'Yani Namaga', 0),
(312, 6, '234234', 'Karen Novi Rahayu S.Psi', 0),
(313, 10, '234234', 'Ilsa Lestari', 0),
(314, 8, '234234', 'Olivia Rahmawati', 0),
(315, 9, '234234', 'Tira Lailasari', 0),
(316, 7, '234234', 'Lili Pratiwi', 0),
(317, 6, '234234', 'Ajeng Agnes Hariyah', 0),
(318, 10, '234234', 'Imam Sinaga', 0),
(319, 5, '234234', 'Sakti Uwais S.IP', 0),
(320, 2, '234234', 'Nardi Wasita', 0),
(321, 2, '234234', 'Wulan Maya Suartini S.Pd', 0),
(322, 5, '234234', 'Ibrahim Najmudin', 0),
(323, 6, '234234', 'Eka Panca Budiman S.Gz', 0),
(324, 7, '234234', 'Hartana Prasetyo', 0),
(325, 3, '234234', 'Kamaria Hastuti', 0),
(326, 2, '234234', 'Citra Suartini', 0),
(327, 3, '234234', 'Mulyono Omar Haryanto S.E.', 0),
(328, 2, '234234', 'Faizah Agustina S.H.', 0),
(329, 6, '234234', 'Galak Mahmud Kusumo M.TI.', 0),
(330, 10, '234234', 'Rahmat Marbun S.Psi', 0),
(331, 8, '234234', 'Agnes Pia Mardhiyah S.Ked', 0),
(332, 8, '234234', 'Bahuwirya Maulana', 0),
(333, 9, '234234', 'Ibrani Kasiran Mangunsong', 0),
(334, 7, '234234', 'Dipa Putra', 0),
(335, 1, '234234', 'Baktiadi Pratama S.H.', 0),
(336, 6, '234234', 'Anggabaya Sinaga', 0),
(337, 10, '234234', 'Septi Riyanti', 0),
(338, 5, '234234', 'Ilsa Tami Farida', 0),
(339, 6, '234234', 'Lukman Simanjuntak', 0),
(340, 3, '234234', 'Melinda Usada', 0),
(341, 7, '234234', 'Rafid Pradana', 0),
(342, 6, '234234', 'Chelsea Purwanti', 0),
(343, 1, '234234', 'Unjani Winda Rahimah M.Farm', 0),
(344, 8, '234234', 'Eva Usyi Nasyidah', 0),
(345, 9, '234234', 'Lutfan Santoso', 0),
(346, 2, '234234', 'Tiara Mulyani', 0),
(347, 2, '234234', 'Erik Kamal Anggriawan S.Pd', 0),
(348, 10, '234234', 'Gabriella Puspita', 0),
(349, 5, '234234', 'Laras Laksmiwati S.Pt', 0),
(350, 2, '234234', 'Emong Wardaya Damanik S.Ked', 0),
(351, 9, '234234', 'Rizki Mansur', 0),
(352, 3, '234234', 'Fitria Wijayanti S.Pd', 0),
(353, 3, '234234', 'Ellis Laksmiwati', 0),
(354, 8, '234234', 'Koko Rajata', 0),
(355, 10, '234234', 'Zelaya Eli Suartini', 0),
(356, 9, '234234', 'Icha Janet Puspasari', 0),
(357, 6, '234234', 'Ida Wulandari', 0),
(358, 8, '234234', 'Darsirah Wahyudin', 0),
(359, 4, '234234', 'Wirda Syahrini Hastuti S.T.', 0),
(360, 7, '234234', 'Endah Yolanda', 0),
(361, 2, '234234', 'Jefri Prasasta', 0),
(362, 8, '234234', 'Wira Pranowo', 0),
(363, 10, '234234', 'Dewi Kania Rahayu S.T.', 0),
(364, 6, '234234', 'Ihsan Makuta Gunawan', 0),
(365, 8, '234234', 'Lidya Wijayanti', 0),
(366, 2, '234234', 'Jinawi Galar Simbolon S.Sos', 0),
(367, 5, '234234', 'Nabila Padmi Hassanah S.T.', 0),
(368, 1, '234234', 'Gamani Sabar Budiyanto M.M.', 0),
(369, 2, '234234', 'Umay Kuswoyo', 0),
(370, 2, '234234', 'Wani Anita Susanti', 0),
(371, 1, '234234', 'Baktianto Sihombing', 0),
(372, 7, '234234', 'Laila Prastuti', 0),
(373, 2, '234234', 'Dirja Sinaga', 0),
(374, 2, '234234', 'Fitriani Ciaobella Yuliarti M.Kom.', 0),
(375, 9, '234234', 'Tasnim Nugroho', 0),
(376, 8, '234234', 'Sakura Suryatmi M.Farm', 0),
(377, 3, '234234', 'Carub Hutapea', 0),
(378, 6, '234234', 'Jelita Puput Padmasari S.Kom', 0),
(379, 4, '234234', 'Muni Pranawa Uwais', 0),
(380, 6, '234234', 'Hafshah Rahayu', 0),
(381, 9, '234234', 'Edi Martaka Rajata', 0),
(382, 7, '234234', 'Puspa Septi Nasyiah S.H.', 0),
(383, 3, '234234', 'Martani Hakim M.TI.', 0),
(384, 4, '234234', 'Koko Wacana M.Kom.', 0),
(385, 5, '234234', 'Bagas Hakim', 0),
(386, 8, '234234', 'Silvia Farida', 0),
(387, 4, '234234', 'Gawati Rahmawati', 0),
(388, 5, '234234', 'Wani Novitasari', 0),
(389, 7, '234234', 'Septi Hassanah', 0),
(390, 1, '234234', 'Ira Cindy Haryanti S.H.', 0),
(391, 7, '234234', 'Emong Garda Mandala M.Kom.', 0),
(392, 1, '234234', 'Garang Omar Kusumo', 0),
(393, 4, '234234', 'Jaiman Darijan Gunawan S.H.', 0),
(394, 5, '234234', 'Panca Mahendra', 0),
(395, 9, '234234', 'Sakti Hardiansyah', 0),
(396, 8, '234234', 'Citra Lailasari', 0),
(397, 3, '234234', 'Vera Anggraini M.Ak', 0),
(398, 8, '234234', 'Emong Maryadi', 0),
(399, 10, '234234', 'Eman Marpaung S.Pt', 0),
(400, 1, '234234', 'Estiono Budiyanto', 0),
(401, 3, '234234', 'Hendri Jailani', 0),
(402, 9, '234234', 'Bagiya Hutasoit', 0),
(403, 8, '234234', 'Mitra Ajimat Rajata', 0),
(404, 10, '234234', 'Ana Ajeng Prastuti', 0),
(405, 2, '234234', 'Febi Lailasari S.H.', 0),
(406, 8, '234234', 'Eja Narpati M.M.', 0),
(407, 1, '234234', 'Gara Pangeran Habibi', 0),
(408, 2, '234234', 'Violet Eka Lailasari', 0),
(409, 5, '234234', 'Wani Rahmawati', 0),
(410, 3, '234234', 'Rafi Sitompul', 0),
(411, 8, '234234', 'Laila Ina Halimah', 0),
(412, 4, '234234', 'Lutfan Kenari Ramadan S.T.', 0),
(413, 6, '234234', 'Jane Padmasari', 0),
(414, 1, '234234', 'Keisha Astuti', 0),
(415, 6, '234234', 'Kasim Harja Prasetyo S.Farm', 0),
(416, 8, '234234', 'Yuliana Wahyuni', 0),
(417, 4, '234234', 'Fitria Hariyah S.H.', 0),
(418, 3, '234234', 'Lili Hasanah', 0),
(419, 7, '234234', 'Margana Hardiansyah S.Pt', 0),
(420, 5, '234234', 'Yunita Mutia Winarsih S.Farm', 0),
(421, 7, '234234', 'Tira Sakura Permata', 0),
(422, 10, '234234', 'Asmianto Budiman', 0),
(423, 4, '234234', 'Yessi Uli Sudiati', 0),
(424, 4, '234234', 'Yuliana Paulin Farida S.IP', 0),
(425, 9, '234234', 'Zizi Hassanah', 0),
(426, 5, '234234', 'Unggul Harsaya Rajata', 0),
(427, 8, '234234', 'Dewi Agnes Susanti', 0),
(428, 9, '234234', 'Edi Pranowo', 0),
(429, 9, '234234', 'Tari Susanti', 0),
(430, 7, '234234', 'Michelle Novi Handayani S.E.', 0),
(431, 3, '234234', 'Jane Nadine Maryati S.Gz', 0),
(432, 8, '234234', 'Sarah Nuraini M.Ak', 0),
(433, 3, '234234', 'Olga Hakim', 0),
(434, 9, '234234', 'Cinthia Halimah', 0),
(435, 1, '234234', 'Simon Budiman', 0),
(436, 6, '234234', 'Fitriani Yulianti', 0),
(437, 4, '234234', 'Gadang Maulana', 0),
(438, 4, '234234', 'Wulan Ana Rahmawati', 0),
(439, 3, '234234', 'Hilda Purnawati', 0),
(440, 3, '234234', 'Edward Pradipta', 0),
(441, 4, '234234', 'Novi Kuswandari S.T.', 0),
(442, 9, '234234', 'Timbul Balijan Adriansyah', 0),
(443, 10, '234234', 'Cengkir Suwarno S.Gz', 0),
(444, 1, '234234', 'Mujur Prasetya', 0),
(445, 3, '234234', 'Karsa Narpati', 0),
(446, 4, '234234', 'Yono Pradana M.TI.', 0),
(447, 2, '234234', 'Lukita Zulkarnain', 0),
(448, 6, '234234', 'Zulfa Yuliarti', 0),
(449, 7, '234234', 'Puti Oliva Farida S.Psi', 0),
(450, 1, '234234', 'Rama Rosman Firgantoro M.Farm', 0),
(451, 10, '234234', 'Yessi Faizah Haryanti', 0),
(452, 5, '234234', 'Paiman Harjaya Putra S.Farm', 0),
(453, 2, '234234', 'Ozy Argono Suryono', 0),
(454, 4, '234234', 'Imam Megantara', 0),
(455, 9, '234234', 'Danu Mahendra S.Kom', 0),
(456, 8, '234234', 'Balidin Santoso', 0),
(457, 1, '234234', 'Paris Lailasari', 0),
(458, 2, '234234', 'Wasis Prakasa', 0),
(459, 4, '234234', 'Icha Mayasari M.Ak', 0),
(460, 6, '234234', 'Jais Kuncara Sihotang', 0),
(461, 2, '234234', 'Sakura Halimah', 0),
(462, 2, '234234', 'Damu Aswani Halim', 0),
(463, 6, '234234', 'Widya Elvina Astuti S.Gz', 0),
(464, 9, '234234', 'Yance Yuniar', 0),
(465, 1, '234234', 'Johan Salahudin S.Pd', 0),
(466, 6, '234234', 'Gilda Aryani', 0),
(467, 4, '234234', 'Ilsa Hassanah', 0),
(468, 9, '234234', 'Balamantri Sinaga S.Pt', 0),
(469, 1, '234234', 'Septi Yulianti', 0),
(470, 4, '234234', 'Cinta Zizi Laksita S.T.', 0),
(471, 7, '234234', 'Janet Palastri', 0),
(472, 3, '234234', 'Septi Riyanti', 0),
(473, 1, '234234', 'Hairyanto Hairyanto Setiawan S.Ked', 0),
(474, 10, '234234', 'Ami Aryani', 0),
(475, 9, '234234', 'Cakrabirawa Setiawan S.E.I', 0),
(476, 1, '234234', 'Laras Nasyidah S.Pd', 0),
(477, 10, '234234', 'Juli Mulyani', 0),
(478, 7, '234234', 'Zamira Jessica Mulyani', 0),
(479, 4, '234234', 'Agnes Putri Winarsih', 0),
(480, 5, '234234', 'Nadine Hasanah', 0),
(481, 7, '234234', 'Gawati Shakila Maryati', 0),
(482, 2, '234234', 'Eka Yolanda', 0),
(483, 5, '234234', 'Amelia Susanti M.TI.', 0),
(484, 9, '234234', 'Wulan Juli Winarsih', 0),
(485, 8, '234234', 'Ratih Pudjiastuti', 0),
(486, 7, '234234', 'Ifa Novitasari', 0),
(487, 8, '234234', 'Aris Hutasoit', 0),
(488, 8, '234234', 'Dinda Anggraini', 0),
(489, 3, '234234', 'Jarwadi Pradipta', 0),
(490, 6, '234234', 'Kiandra Wijayanti', 0),
(491, 1, '234234', 'Nardi Baktiadi Pradana', 0),
(492, 4, '234234', 'Lukita Cakrawangsa Marpaung S.Ked', 0),
(493, 1, '234234', 'Devi Dewi Riyanti M.Pd', 0),
(494, 7, '234234', 'Nadine Patricia Lestari', 0),
(495, 1, '234234', 'Dalima Oktaviani', 0),
(496, 10, '234234', 'Rendy Najmudin S.E.', 0),
(497, 5, '234234', 'Najib Hidayat S.Ked', 0),
(498, 2, '234234', 'Wardaya Pratama', 0),
(499, 7, '234234', 'Keisha Hasanah', 0),
(500, 10, '234234', 'Wisnu Ardianto', 0),
(501, 2, '234234', 'Liman Cecep Saputra', 0),
(502, 1, '234234', 'Vanya Uli Yuniar S.I.Kom', 0),
(503, 4, '234234', 'Hilda Humaira Hariyah', 0),
(504, 1, '234234', 'Zulfa Wulandari S.Pt', 0),
(505, 10, '234234', 'Wulan Purwanti', 0),
(506, 4, '234234', 'Teddy Saputra', 0),
(507, 5, '234234', 'Shania Uyainah', 0),
(508, 7, '234234', 'Luthfi Widodo', 0),
(509, 9, '234234', 'Pangestu Prayoga M.Farm', 0),
(510, 6, '234234', 'Harto Hardi Setiawan S.Pt', 0),
(511, 8, '234234', 'Irfan Pradipta', 0),
(512, 1, '234234', 'Chelsea Usyi Wulandari', 0),
(513, 10, '234234', 'Cengkir Jayeng Budiman S.I.Kom', 0),
(514, 2, '234234', 'Maman Jailani', 0),
(515, 7, '234234', 'Natalia Pratiwi', 0),
(516, 9, '234234', 'Cinta Maryati', 0),
(517, 6, '234234', 'Faizah Riyanti S.Kom', 0),
(518, 8, '234234', 'Amalia Rahayu', 0),
(519, 8, '234234', 'Prabawa Jinawi Wijaya', 0),
(520, 10, '234234', 'Rini Hassanah', 0),
(521, 1, '234234', 'Carla Rahayu', 0),
(522, 5, '234234', 'Yuliana Palastri', 0),
(523, 5, '234234', 'Latika Malika Nuraini', 0),
(524, 6, '234234', 'Rini Kasiyah Kusmawati S.Pd', 0),
(525, 8, '234234', 'Ade Utami', 0),
(526, 2, '234234', 'Ajeng Rahmi Wahyuni', 0),
(527, 2, '234234', 'Ian Liman Dongoran', 0),
(528, 6, '234234', 'Tania Mardhiyah S.Ked', 0),
(529, 5, '234234', 'Vera Safitri', 0),
(530, 5, '234234', 'Kamila Elisa Permata', 0),
(531, 3, '234234', 'Titin Hasanah S.Pt', 0),
(532, 6, '234234', 'Ciaobella Lestari', 0),
(533, 7, '234234', 'Panca Galak Lazuardi S.Pd', 0),
(534, 1, '234234', 'Aurora Usada', 0),
(535, 8, '234234', 'Jumadi Hidayanto', 0),
(536, 1, '234234', 'Akarsana Maryadi', 0),
(537, 6, '234234', 'Violet Wahyuni', 0),
(538, 1, '234234', 'Joko Hidayat', 0),
(539, 5, '234234', 'Malika Namaga', 0),
(540, 7, '234234', 'Tari Oktaviani S.Gz', 0),
(541, 2, '234234', 'Ajimin Sinaga S.T.', 0),
(542, 6, '234234', 'Surya Kambali Ramadan', 0),
(543, 7, '234234', 'Kala Daliono Winarno S.T.', 0),
(544, 5, '234234', 'Gabriella Padmasari', 0),
(545, 2, '234234', 'Zulfa Suartini', 0),
(546, 2, '234234', 'Malika Laksita', 0),
(547, 7, '234234', 'Pia Kayla Melani', 0),
(548, 3, '234234', 'Ikhsan Wijaya', 0),
(549, 4, '234234', 'Lurhur Pradipta', 0),
(550, 5, '234234', 'Lasmanto Firmansyah', 0),
(551, 2, '234234', 'Galang Pratama', 0),
(552, 6, '234234', 'Teguh Bagiya Mangunsong M.TI.', 0),
(553, 3, '234234', 'Ibrani Zulkarnain', 0),
(554, 2, '234234', 'Putu Waskita', 0),
(555, 8, '234234', 'Gantar Wibisono', 0),
(556, 3, '234234', 'Sadina Hassanah', 0),
(557, 7, '234234', 'Gaiman Thamrin', 0),
(558, 6, '234234', 'Pia Zamira Riyanti', 0),
(559, 5, '234234', 'Patricia Haryanti S.H.', 0),
(560, 6, '234234', 'Jinawi Permadi', 0),
(561, 5, '234234', 'Warsa Kusuma Marpaung M.M.', 0),
(562, 4, '234234', 'Adika Nainggolan', 0),
(563, 8, '234234', 'Safina Pudjiastuti M.Pd', 0),
(564, 1, '234234', 'Hardana Habibi M.TI.', 0),
(565, 3, '234234', 'Ellis Mardhiyah', 0),
(566, 8, '234234', 'Dewi Wahyuni', 0),
(567, 4, '234234', 'Rahman Gunawan', 0),
(568, 7, '234234', 'Legawa Permadi', 0),
(569, 3, '234234', 'Gada Mahmud Pradipta', 0),
(570, 7, '234234', 'Saadat Vino Hutasoit', 0),
(571, 5, '234234', 'Raharja Mahendra', 0),
(572, 1, '234234', 'Jelita Winda Handayani S.Pd', 0),
(573, 7, '234234', 'Endah Puspita', 0),
(574, 7, '234234', 'Yuni Padmasari', 0),
(575, 10, '234234', 'Edi Latupono', 0),
(576, 4, '234234', 'Tugiman Hardana Budiyanto S.Sos', 0),
(577, 2, '234234', 'Naradi Putra S.Pd', 0),
(578, 3, '234234', 'Dalima Maimunah Riyanti M.Ak', 0),
(579, 9, '234234', 'Panji Cemeti Mustofa', 0),
(580, 3, '234234', 'Septi Haryanti S.IP', 0),
(581, 5, '234234', 'Cawuk Rajasa', 0),
(582, 5, '234234', 'Ivan Mustofa S.Psi', 0),
(583, 10, '234234', 'Chelsea Rika Palastri S.Ked', 0),
(584, 8, '234234', 'Cecep Salahudin', 0),
(585, 8, '234234', 'Asmadi Maheswara', 0),
(586, 4, '234234', 'Mala Nova Puspasari', 0),
(587, 1, '234234', 'Ade Susanti', 0),
(588, 2, '234234', 'Kariman Atmaja Wibowo M.Pd', 0),
(589, 3, '234234', 'Tedi Utama', 0),
(590, 1, '234234', 'Bahuwarna Bahuraksa Pratama', 0),
(591, 10, '234234', 'Budi Jaka Rajasa M.M.', 0),
(592, 9, '234234', 'Bakiono Mahfud Mansur S.Gz', 0),
(593, 5, '234234', 'Vega Rajata', 0),
(594, 2, '234234', 'Limar Lulut Prasasta S.Sos', 0),
(595, 6, '234234', 'Zizi Michelle Agustina S.E.I', 0),
(596, 1, '234234', 'Azalea Padmasari', 0),
(597, 1, '234234', 'Olga Dasa Pratama', 0),
(598, 10, '234234', 'Gabriella Oktaviani', 0),
(599, 3, '234234', 'Timbul Pratama', 0),
(600, 2, '234234', 'Purwanto Tomi Simbolon', 0),
(601, 9, '234234', 'Balangga Firgantoro', 0),
(602, 8, '234234', 'Natalia Rahayu M.Farm', 0),
(603, 7, '234234', 'Ihsan Nugroho', 0),
(604, 3, '234234', 'Padmi Rahmi Aryani S.Ked', 0),
(605, 8, '234234', 'Baktianto Firgantoro', 0),
(606, 7, '234234', 'Hadi Margana Halim M.M.', 0),
(607, 9, '234234', 'Irwan Hutagalung', 0),
(608, 8, '234234', 'Ajimin Kusuma Permadi M.Ak', 0),
(609, 7, '234234', 'Ulya Ratna Nuraini S.IP', 0),
(610, 9, '234234', 'Sari Nuraini', 0),
(611, 7, '234234', 'Karimah Amalia Puspasari', 0),
(612, 8, '234234', 'Lala Laras Padmasari S.Ked', 0),
(613, 9, '234234', 'Cindy Laksmiwati', 0),
(614, 3, '234234', 'Parman Wasita S.Ked', 0),
(615, 10, '234234', 'Jinawi Opan Narpati S.T.', 0),
(616, 4, '234234', 'Rachel Kusmawati', 0),
(617, 4, '234234', 'Reksa Napitupulu', 0),
(618, 7, '234234', 'Tami Karimah Hasanah M.Ak', 0),
(619, 8, '234234', 'Kairav Gunarto', 0),
(620, 9, '234234', 'Farah Nurdiyanti', 0),
(621, 7, '234234', 'Warta Sinaga', 0),
(622, 3, '234234', 'Prasetyo Anggriawan', 0),
(623, 6, '234234', 'Edison Sihombing', 0),
(624, 3, '234234', 'Ella Nasyiah S.Sos', 0),
(625, 7, '234234', 'Oni Handayani', 0),
(626, 6, '234234', 'Elma Salimah Padmasari', 0),
(627, 10, '234234', 'Umi Zulaika', 0),
(628, 7, '234234', 'Karna Pradana', 0),
(629, 10, '234234', 'Kasiyah Yuliarti', 0),
(630, 6, '234234', 'Hasan Aris Mansur', 0),
(631, 4, '234234', 'Labuh Prayoga', 0),
(632, 1, '234234', 'Yosef Narpati S.H.', 0),
(633, 4, '234234', 'Febi Halimah', 0),
(634, 6, '234234', 'Cinta Cinthia Pertiwi M.Farm', 0),
(635, 1, '234234', 'Ida Yulianti', 0),
(636, 8, '234234', 'Aisyah Violet Zulaika S.Pt', 0),
(637, 9, '234234', 'Putu Adriansyah', 0),
(638, 1, '234234', 'Mahesa Cager Wibisono S.E.', 0),
(639, 8, '234234', 'Langgeng Bambang Nababan S.Sos', 0),
(640, 7, '234234', 'Sidiq Lazuardi', 0),
(641, 10, '234234', 'Mutia Diah Suryatmi S.IP', 0),
(642, 7, '234234', 'Nabila Hassanah', 0),
(643, 7, '234234', 'Sidiq Suwarno', 0),
(644, 2, '234234', 'Widya Rachel Nasyidah', 0),
(645, 8, '234234', 'Gaman Budiyanto', 0),
(646, 6, '234234', 'Ika Lestari', 0),
(647, 4, '234234', 'Eka Sihombing', 0),
(648, 6, '234234', 'Damu Ade Rajata', 0),
(649, 8, '234234', 'Rendy Setiawan', 0),
(650, 5, '234234', 'Anita Dian Andriani', 0),
(651, 10, '234234', 'Fitriani Icha Fujiati', 0),
(652, 2, '234234', 'Rudi Maulana', 0),
(653, 1, '234234', 'Banara Kusumo', 0),
(654, 8, '234234', 'Ira Pertiwi', 0),
(655, 9, '234234', 'Restu Wulandari', 0),
(656, 9, '234234', 'Ilsa Lestari', 0),
(657, 9, '234234', 'Paris Novitasari', 0),
(658, 8, '234234', 'Karimah Mandasari', 0),
(659, 1, '234234', 'Gaman Wahyudin', 0),
(660, 9, '234234', 'Luhung Asirwanda Tampubolon S.H.', 0),
(661, 7, '234234', 'Kacung Anggriawan', 0),
(662, 7, '234234', 'Cakrawangsa Tarihoran', 0),
(663, 3, '234234', 'Bagas Waskita M.Farm', 0),
(664, 6, '234234', 'Rudi Gamani Firgantoro', 0),
(665, 3, '234234', 'Kawaca Wijaya', 0),
(666, 2, '234234', 'Gada Habibi', 0),
(667, 9, '234234', 'Hana Tania Yolanda', 0),
(668, 9, '234234', 'Yance Salsabila Puspasari', 0),
(669, 7, '234234', 'Ida Sudiati', 0),
(670, 10, '234234', 'Emong Gambira Sihotang S.Gz', 0),
(671, 2, '234234', 'Nyoman Gunarto S.E.', 0),
(672, 6, '234234', 'Mila Mardhiyah S.Farm', 0),
(673, 8, '234234', 'Latif Waskita', 0),
(674, 4, '234234', 'Hamima Ami Lailasari', 0),
(675, 5, '234234', 'Paiman Luhung Irawan S.Psi', 0),
(676, 4, '234234', 'Lukman Wibowo', 0),
(677, 1, '234234', 'Bajragin Maheswara', 0),
(678, 3, '234234', 'Nadine Hastuti S.IP', 0),
(679, 10, '234234', 'Ganda Januar', 0),
(680, 5, '234234', 'Yoga Wacana M.Farm', 0),
(681, 3, '234234', 'Mutia Puspita', 0),
(682, 1, '234234', 'Hardi Dirja Hidayanto', 0),
(683, 10, '234234', 'Makara Ardianto', 0),
(684, 4, '234234', 'Winda Zulaika M.Farm', 0),
(685, 9, '234234', 'Pangestu Hakim', 0),
(686, 1, '234234', 'Maida Utami', 0),
(687, 6, '234234', 'Sari Siska Nasyiah', 0),
(688, 4, '234234', 'Sabrina Rahimah', 0),
(689, 10, '234234', 'Hamima Nuraini', 0),
(690, 5, '234234', 'Ellis Pertiwi', 0),
(691, 2, '234234', 'Banawa Hardiansyah S.Farm', 0),
(692, 7, '234234', 'Galar Maryadi', 0),
(693, 7, '234234', 'Mulya Atmaja Prasasta M.TI.', 0),
(694, 10, '234234', 'Paramita Hana Nasyidah S.Sos', 0),
(695, 3, '234234', 'Vanesa Mulyani', 0),
(696, 8, '234234', 'Shania Purnawati S.I.Kom', 0),
(697, 5, '234234', 'Ajeng Purnawati M.Kom.', 0),
(698, 8, '234234', 'Harja Napitupulu', 0),
(699, 4, '234234', 'Ilyas Bambang Wasita', 0),
(700, 2, '234234', 'Elvin Wibowo', 0),
(701, 7, '234234', 'Puji Halimah', 0),
(702, 3, '234234', 'Kiandra Hartati', 0),
(703, 7, '234234', 'Jais Sitorus', 0),
(704, 4, '234234', 'Jayeng Uwais', 0),
(705, 10, '234234', 'Dalima Aryani', 0),
(706, 5, '234234', 'Yosef Ganda Dongoran', 0),
(707, 3, '234234', 'Prakosa Gunarto', 0),
(708, 6, '234234', 'Adiarja Damanik', 0),
(709, 3, '234234', 'Dewi Yolanda S.Gz', 0),
(710, 2, '234234', 'Tedi Budiyanto S.T.', 0),
(711, 4, '234234', 'Ulva Rahmi Mayasari', 0),
(712, 5, '234234', 'Gada Sinaga S.T.', 0),
(713, 3, '234234', 'Irnanto Maryadi S.I.Kom', 0),
(714, 10, '234234', 'Genta Oktaviani', 0),
(715, 3, '234234', 'Raisa Pudjiastuti M.Ak', 0),
(716, 6, '234234', 'Damu Kanda Wahyudin', 0),
(717, 5, '234234', 'Prabu Anggriawan S.Ked', 0),
(718, 9, '234234', 'Ganda Mahendra', 0),
(719, 10, '234234', 'Adikara Widodo', 0),
(720, 1, '234234', 'Malik Widodo', 0),
(721, 3, '234234', 'Galar Latupono', 0),
(722, 5, '234234', 'Asmianto Panji Ramadan', 0),
(723, 3, '234234', 'Malik Saragih', 0),
(724, 10, '234234', 'Cecep Kawaca Maryadi', 0),
(725, 2, '234234', 'Gawati Zulaika S.T.', 0),
(726, 8, '234234', 'Elma Yessi Novitasari', 0),
(727, 2, '234234', 'Kunthara Hutagalung', 0),
(728, 8, '234234', 'Tugiman Kenzie Kurniawan M.Pd', 0),
(729, 1, '234234', 'Lurhur Galang Iswahyudi', 0),
(730, 3, '234234', 'Maria Usada M.M.', 0),
(731, 9, '234234', 'Genta Permata', 0),
(732, 3, '234234', 'Mustofa Ganjaran Kuswoyo', 0),
(733, 3, '234234', 'Balamantri Laksana Marbun M.M.', 0),
(734, 8, '234234', 'Leo Napitupulu', 0),
(735, 10, '234234', 'Shakila Hartati', 0),
(736, 7, '234234', 'Betania Nasyiah S.H.', 0),
(737, 8, '234234', 'Margana Mandala', 0),
(738, 1, '234234', 'Elma Ratna Lestari', 0),
(739, 9, '234234', 'Kacung Tampubolon', 0),
(740, 5, '234234', 'Yahya Marpaung S.T.', 0),
(741, 3, '234234', 'Elvina Aryani', 0),
(742, 3, '234234', 'Kania Purnawati', 0),
(743, 5, '234234', 'Victoria Padmasari M.Kom.', 0),
(744, 7, '234234', 'Bahuwirya Situmorang', 0),
(745, 1, '234234', 'Bakda Ikhsan Halim', 0),
(746, 2, '234234', 'Kemal Salahudin', 0),
(747, 6, '234234', 'Ikhsan Damanik', 0),
(748, 7, '234234', 'Zulfa Raina Wastuti', 0),
(749, 1, '234234', 'Jagapati Latupono', 0),
(750, 5, '234234', 'Indah Elma Usamah', 0),
(751, 7, '234234', 'Devi Novitasari', 0),
(752, 4, '234234', 'Fathonah Victoria Yulianti S.IP', 0),
(753, 3, '234234', 'Violet Farhunnisa Nuraini S.I.Kom', 0),
(754, 4, '234234', 'Kadir Bagas Rajasa', 0),
(755, 1, '234234', 'Kartika Nurdiyanti', 0),
(756, 5, '234234', 'Budi Anggriawan M.M.', 0),
(757, 8, '234234', 'Kamal Mansur S.Pt', 0),
(758, 1, '234234', 'Gada Sitompul', 0),
(759, 10, '234234', 'Bakijan Taufik Saputra', 0),
(760, 7, '234234', 'Wadi Suryono S.Pd', 0),
(761, 9, '234234', 'Hartana Kemba Nashiruddin M.Kom.', 0),
(762, 8, '234234', 'Nilam Rina Rahayu', 0),
(763, 7, '234234', 'Gaiman Haryanto S.I.Kom', 0),
(764, 9, '234234', 'Imam Carub Saragih S.Pd', 0),
(765, 5, '234234', 'Viktor Dimaz Pranowo', 0),
(766, 7, '234234', 'Uda Sabar Wasita S.E.', 0),
(767, 8, '234234', 'Mutia Salwa Melani', 0),
(768, 1, '234234', 'Nilam Mutia Yulianti', 0),
(769, 4, '234234', 'Faizah Handayani', 0),
(770, 8, '234234', 'Karen Ina Aryani S.Pd', 0),
(771, 3, '234234', 'Nova Salsabila Safitri S.E.', 0),
(772, 2, '234234', 'Fitriani Astuti', 0),
(773, 2, '234234', 'Danuja Hartana Sihombing S.IP', 0),
(774, 7, '234234', 'Saka Paiman Siregar', 0),
(775, 4, '234234', 'Karimah Puspasari S.Kom', 0),
(776, 10, '234234', 'Maida Irma Maryati S.E.', 0),
(777, 7, '234234', 'Yance Anggraini', 0),
(778, 8, '234234', 'Prabu Kuswoyo', 0),
(779, 5, '234234', 'Safina Rahayu', 0),
(780, 5, '234234', 'Bagus Samosir S.Kom', 0),
(781, 6, '234234', 'Indra Luluh Situmorang', 0),
(782, 10, '234234', 'Koko Lasmanto Kurniawan', 0),
(783, 6, '234234', 'Latika Kuswandari', 0),
(784, 2, '234234', 'Kenes Prabowo', 0),
(785, 6, '234234', 'Abyasa Pradana', 0),
(786, 1, '234234', 'Unggul Saka Simbolon', 0),
(787, 5, '234234', 'Elvin Jailani', 0),
(788, 4, '234234', 'Himawan Sihombing', 0),
(789, 3, '234234', 'Jarwi Putra', 0),
(790, 4, '234234', 'Ratna Yuniar S.Sos', 0),
(791, 3, '234234', 'Hairyanto Cakrabuana Mustofa', 0),
(792, 5, '234234', 'Maryadi Prakasa', 0),
(793, 6, '234234', 'Manah Baktianto Setiawan S.Ked', 0),
(794, 6, '234234', 'Rahayu Nurdiyanti', 0),
(795, 1, '234234', 'Usyi Anastasia Palastri S.T.', 0),
(796, 8, '234234', 'Keisha Nasyiah S.Sos', 0),
(797, 1, '234234', 'Calista Melani M.Pd', 0),
(798, 5, '234234', 'Ganjaran Jagapati Tampubolon M.Ak', 0),
(799, 9, '234234', 'Salimah Zizi Widiastuti', 0),
(800, 4, '234234', 'Raina Icha Yuniar', 0),
(801, 10, '234234', 'Najib Prasasta S.Pt', 0),
(802, 1, '234234', 'Nasab Sitompul', 0),
(803, 2, '234234', 'Wirda Andriani S.Farm', 0),
(804, 4, '234234', 'Julia Fujiati', 0),
(805, 8, '234234', 'Caturangga Rama Rajasa', 0),
(806, 3, '234234', 'Darimin Latupono S.Pt', 0),
(807, 3, '234234', 'Tami Yunita Prastuti', 0),
(808, 9, '234234', 'Edison Jarwadi Narpati S.E.I', 0),
(809, 10, '234234', 'Mitra Megantara S.Ked', 0),
(810, 7, '234234', 'Nyana Mandala', 0),
(811, 10, '234234', 'Ratih Suartini', 0),
(812, 10, '234234', 'Bakijan Harja Mansur', 0),
(813, 6, '234234', 'Marsito Mustofa', 0),
(814, 9, '234234', 'Farah Mandasari', 0),
(815, 3, '234234', 'Sarah Wulandari', 0),
(816, 5, '234234', 'Aditya Lazuardi', 0),
(817, 9, '234234', 'Bambang Kuswoyo', 0),
(818, 3, '234234', 'Zahra Purwanti', 0),
(819, 7, '234234', 'Tugiman Tarihoran', 0),
(820, 1, '234234', 'Umaya Damu Hidayanto S.Farm', 0),
(821, 1, '234234', 'Zahra Susanti S.Pt', 0),
(822, 9, '234234', 'Reza Utama S.IP', 0),
(823, 1, '234234', 'Langgeng Nugroho', 0),
(824, 3, '234234', 'Wardi Pratama', 0),
(825, 5, '234234', 'Sarah Juli Mayasari S.Farm', 0),
(826, 5, '234234', 'Jasmin Hassanah', 0),
(827, 10, '234234', 'Ellis Nurdiyanti', 0),
(828, 8, '234234', 'Cakrawala Anggriawan', 0),
(829, 6, '234234', 'Salimah Tiara Hariyah', 0),
(830, 4, '234234', 'Wulan Nurdiyanti', 0),
(831, 3, '234234', 'Aisyah Putri Widiastuti', 0),
(832, 8, '234234', 'Soleh Mustofa', 0),
(833, 8, '234234', 'Padmi Halimah', 0),
(834, 1, '234234', 'Usman Hutapea S.Farm', 0),
(835, 6, '234234', 'Leo Hidayat S.IP', 0),
(836, 7, '234234', 'Eman Mustika Siregar', 0),
(837, 2, '234234', 'Putri Laksita', 0),
(838, 7, '234234', 'Kayun Prasetyo Waskita', 0),
(839, 8, '234234', 'Radika Labuh Pradana S.Kom', 0),
(840, 3, '234234', 'Bahuwarna Santoso', 0),
(841, 6, '234234', 'Tina Ratna Agustina M.TI.', 0),
(842, 10, '234234', 'Prayitna Daniswara Prasasta M.TI.', 0),
(843, 9, '234234', 'Ega Unggul Thamrin S.Pd', 0),
(844, 3, '234234', 'Shania Usada M.Kom.', 0),
(845, 5, '234234', 'Jasmin Wastuti', 0),
(846, 6, '234234', 'Shakila Mayasari M.TI.', 0),
(847, 4, '234234', 'Dimaz Hutagalung', 0),
(848, 5, '234234', 'Yuliana Zahra Rahayu', 0),
(849, 6, '234234', 'Bagiya Prakasa', 0),
(850, 6, '234234', 'Salsabila Cinta Kuswandari S.Kom', 0),
(851, 10, '234234', 'Aslijan Ardianto', 0),
(852, 3, '234234', 'Maryadi Megantara', 0),
(853, 1, '234234', 'Agus Wijaya', 0),
(854, 7, '234234', 'Taufan Pangestu', 0),
(855, 9, '234234', 'Ophelia Laksmiwati', 0),
(856, 7, '234234', 'Julia Vanya Hasanah', 0),
(857, 6, '234234', 'Saadat Taufik Prasasta S.Sos', 0),
(858, 6, '234234', 'Vera Handayani', 0),
(859, 5, '234234', 'Vera Susanti S.E.', 0),
(860, 9, '234234', 'Melinda Usamah', 0),
(861, 5, '234234', 'Intan Fujiati', 0),
(862, 1, '234234', 'Nurul Citra Agustina M.TI.', 0),
(863, 1, '234234', 'Jaeman Kurniawan', 0),
(864, 6, '234234', 'Heryanto Balapati Marpaung S.H.', 0),
(865, 7, '234234', 'Emas Murti Damanik', 0),
(866, 2, '234234', 'Vanesa Lailasari', 0),
(867, 1, '234234', 'Bagiya Danang Nashiruddin', 0),
(868, 3, '234234', 'Kiandra Widiastuti', 0),
(869, 7, '234234', 'Jarwi Mustofa', 0),
(870, 4, '234234', 'Rahayu Usada', 0),
(871, 7, '234234', 'Dian Usada', 0),
(872, 3, '234234', 'Aswani Bakianto Waskita', 0),
(873, 5, '234234', 'Gamblang Caraka Permadi', 0),
(874, 1, '234234', 'Bagya Darimin Wibowo', 0),
(875, 5, '234234', 'Silvia Mayasari', 0),
(876, 2, '234234', 'Dina Zizi Suryatmi M.TI.', 0),
(877, 6, '234234', 'Asirwanda Bahuwarna Sihotang M.Farm', 0),
(878, 3, '234234', 'Argono Haryanto', 0),
(879, 8, '234234', 'Jessica Usamah', 0),
(880, 5, '234234', 'Diah Cindy Nuraini S.Gz', 0),
(881, 8, '234234', 'Edward Dongoran', 0),
(882, 8, '234234', 'Irnanto Prayoga', 0),
(883, 4, '234234', 'Carla Utami', 0),
(884, 2, '234234', 'Unggul Mansur S.IP', 0),
(885, 7, '234234', 'Kiandra Halimah', 0),
(886, 1, '234234', 'Cengkal Bahuwarna Waluyo', 0),
(887, 3, '234234', 'Malika Nuraini S.Ked', 0),
(888, 2, '234234', 'Hani Genta Mulyani', 0),
(889, 3, '234234', 'Jamalia Laksmiwati', 0),
(890, 5, '234234', 'Irma Anastasia Pudjiastuti M.TI.', 0),
(891, 3, '234234', 'Damar Firgantoro', 0),
(892, 9, '234234', 'Vivi Puput Hartati M.TI.', 0),
(893, 10, '234234', 'Damu Sihombing M.TI.', 0),
(894, 5, '234234', 'Kartika Haryanti', 0),
(895, 6, '234234', 'Ami Nuraini', 0),
(896, 8, '234234', 'Sabrina Wahyuni', 0),
(897, 5, '234234', 'Yusuf Pranowo', 0),
(898, 5, '234234', 'Bahuwirya Kusuma Wibowo M.Farm', 0),
(899, 9, '234234', 'Padmi Andriani', 0),
(900, 1, '234234', 'Bahuwarna Irsad Wacana', 0),
(901, 9, '234234', 'Zamira Oktaviani M.Kom.', 0),
(902, 9, '234234', 'Dimaz Pradana', 0),
(903, 8, '234234', 'Zahra Riyanti', 0),
(904, 10, '234234', 'Pia Kusmawati S.Gz', 0),
(905, 7, '234234', 'Zelaya Umi Uyainah M.Ak', 0),
(906, 2, '234234', 'Lamar Maheswara', 0),
(907, 4, '234234', 'Wulan Lili Oktaviani S.Pd', 0),
(908, 7, '234234', 'Cayadi Mangunsong', 0),
(909, 2, '234234', 'Padmi Sudiati', 0),
(910, 2, '234234', 'Ega Wacana', 0),
(911, 7, '234234', 'Ridwan Agus Nashiruddin M.Pd', 0),
(912, 3, '234234', 'Prayoga Elvin Santoso', 0),
(913, 6, '234234', 'Hamima Hariyah', 0),
(914, 5, '234234', 'Icha Tina Uyainah', 0),
(915, 1, '234234', 'Tantri Zulaika', 0),
(916, 8, '234234', 'Pia Melani', 0),
(917, 1, '234234', 'Cemani Salahudin S.E.I', 0),
(918, 10, '234234', 'Dirja Dacin Sihombing S.Farm', 0),
(919, 9, '234234', 'Kezia Iriana Riyanti', 0),
(920, 1, '234234', 'Cinthia Agustina', 0),
(921, 2, '234234', 'Jono Hardiansyah', 0),
(922, 2, '234234', 'Sadina Haryanti', 0),
(923, 4, '234234', 'Lalita Zulaika M.Kom.', 0),
(924, 3, '234234', 'Taufan Hutapea', 0),
(925, 1, '234234', 'Jasmin Hastuti', 0),
(926, 7, '234234', 'Ratna Ina Mayasari M.TI.', 0),
(927, 3, '234234', 'Zizi Sadina Hassanah', 0),
(928, 5, '234234', 'Pia Hastuti', 0),
(929, 1, '234234', 'Halima Astuti', 0),
(930, 9, '234234', 'Jayeng Elon Saragih', 0),
(931, 7, '234234', 'Elma Prastuti M.Farm', 0),
(932, 2, '234234', 'Kezia Pertiwi', 0),
(933, 3, '234234', 'Agnes Nasyiah S.I.Kom', 0),
(934, 4, '234234', 'Najwa Kuswandari', 0),
(935, 7, '234234', 'Gandi Nugroho', 0),
(936, 10, '234234', 'Faizah Elma Mardhiyah S.IP', 0),
(937, 10, '234234', 'Nasrullah Bakianto Gunarto S.Psi', 0),
(938, 1, '234234', 'Agnes Wulan Namaga S.Farm', 0),
(939, 2, '234234', 'Najam Hakim', 0),
(940, 1, '234234', 'Malik Gamani Saputra', 0),
(941, 7, '234234', 'Rachel Lestari', 0),
(942, 5, '234234', 'Gabriella Nuraini', 0),
(943, 9, '234234', 'Devi Yulianti', 0),
(944, 2, '234234', 'Hartana Simbolon', 0),
(945, 8, '234234', 'Hani Widiastuti', 0),
(946, 4, '234234', 'Gilda Hassanah', 0),
(947, 3, '234234', 'Simon Cawisono Haryanto S.H.', 0),
(948, 3, '234234', 'Ratih Astuti', 0),
(949, 9, '234234', 'Slamet Wadi Tampubolon S.Pd', 0),
(950, 9, '234234', 'Puji Usamah S.T.', 0),
(951, 2, '234234', 'Rina Wahyuni', 0),
(952, 9, '234234', 'Yuliana Yuliarti', 0),
(953, 10, '234234', 'Hamima Hastuti S.E.I', 0),
(954, 1, '234234', 'Mutia Genta Handayani', 0),
(955, 3, '234234', 'Faizah Putri Laksmiwati M.M.', 0),
(956, 7, '234234', 'Amelia Hariyah', 0),
(957, 8, '234234', 'Ika Rahmawati M.TI.', 0),
(958, 3, '234234', 'Gada Januar', 0),
(959, 3, '234234', 'Arsipatra Siregar', 0),
(960, 2, '234234', 'Padma Novitasari', 0),
(961, 4, '234234', 'Galiono Opung Najmudin', 0),
(962, 8, '234234', 'Balijan Kambali Prakasa S.Psi', 0),
(963, 7, '234234', 'Keisha Farida', 0),
(964, 8, '234234', 'Raihan Hardiansyah', 0),
(965, 4, '234234', 'Genta Namaga', 0),
(966, 1, '234234', 'Sakura Melani', 0),
(967, 1, '234234', 'Indra Raditya Wijaya', 0),
(968, 2, '234234', 'Ira Nuraini M.Farm', 0),
(969, 7, '234234', 'Yosef Raihan Prayoga', 0),
(970, 6, '234234', 'Bakijan Oman Suwarno', 0),
(971, 4, '234234', 'Bagus Nashiruddin', 0),
(972, 6, '234234', 'Salsabila Wastuti S.Psi', 0),
(973, 4, '234234', 'Raden Narpati', 0),
(974, 8, '234234', 'Catur Estiono Nababan', 0),
(975, 9, '234234', 'Rosman Marbun', 0),
(976, 8, '234234', 'Lasmono Prabowo S.H.', 0),
(977, 3, '234234', 'Bella Ghaliyati Usamah', 0),
(978, 3, '234234', 'Dipa Praba Suryono', 0),
(979, 8, '234234', 'Maria Yessi Hartati S.I.Kom', 0),
(980, 3, '234234', 'Cawuk Opung Hutapea', 0),
(981, 4, '234234', 'Ulva Susanti', 0),
(982, 2, '234234', 'Yusuf Nyoman Hakim', 0),
(983, 8, '234234', 'Ami Iriana Haryanti', 0),
(984, 1, '234234', 'Ade Sudiati M.Kom.', 0),
(985, 8, '234234', 'Tasnim Sirait S.I.Kom', 0),
(986, 1, '234234', 'Najib Upik Budiman M.TI.', 0),
(987, 7, '234234', 'Yulia Yuniar', 0),
(988, 2, '234234', 'Winda Zulaika', 0),
(989, 2, '234234', 'Purwa Prakosa Tamba', 0),
(990, 10, '234234', 'Harjo Permadi', 0),
(991, 1, '234234', 'Wadi Permadi', 0),
(992, 1, '234234', 'Yusuf Kurnia Marbun', 0),
(993, 6, '234234', 'Dalima Utami', 0),
(994, 7, '234234', 'Rahmi Wulandari S.E.I', 0),
(995, 6, '234234', 'Adikara Simanjuntak', 0),
(996, 10, '234234', 'Jayeng Saputra', 0),
(997, 4, '234234', 'Ega Halim', 0),
(998, 6, '234234', 'Bahuraksa Halim S.E.I', 0),
(999, 4, '234234', 'Qori Dewi Nasyiah', 0),
(1000, 3, '234234', 'Maida Ade Yuliarti S.E.', 0);

-- --------------------------------------------------------

--
-- Table structure for table `failed_jobs`
--

CREATE TABLE `failed_jobs` (
  `id` bigint(20) UNSIGNED NOT NULL,
  `uuid` varchar(255) COLLATE utf8mb4_unicode_ci NOT NULL,
  `connection` text COLLATE utf8mb4_unicode_ci NOT NULL,
  `queue` text COLLATE utf8mb4_unicode_ci NOT NULL,
  `payload` longtext COLLATE utf8mb4_unicode_ci NOT NULL,
  `exception` longtext COLLATE utf8mb4_unicode_ci NOT NULL,
  `failed_at` timestamp NOT NULL DEFAULT current_timestamp()
) ENGINE=InnoDB DEFAULT CHARSET=utf8mb4 COLLATE=utf8mb4_unicode_ci;

-- --------------------------------------------------------

--
-- Table structure for table `jurusan_models`
--

CREATE TABLE `jurusan_models` (
  `id` bigint(20) UNSIGNED NOT NULL,
  `jurusan` varchar(255) COLLATE utf8mb4_unicode_ci NOT NULL,
  `kelas` varchar(255) COLLATE utf8mb4_unicode_ci NOT NULL,
  `group` varchar(255) COLLATE utf8mb4_unicode_ci DEFAULT NULL,
  `logo` varchar(255) COLLATE utf8mb4_unicode_ci NOT NULL DEFAULT 'nesas.png',
  `created_at` timestamp NULL DEFAULT NULL,
  `updated_at` timestamp NULL DEFAULT NULL
) ENGINE=InnoDB DEFAULT CHARSET=utf8mb4 COLLATE=utf8mb4_unicode_ci;

--
-- Dumping data for table `jurusan_models`
--

INSERT INTO `jurusan_models` (`id`, `jurusan`, `kelas`, `group`, `logo`, `created_at`, `updated_at`) VALUES
(1, 'Akuntansi dan Keuangan Lembaga', '11', '3', 'nesas.png', NULL, NULL),
(2, 'Bisnis Daring dan Pemasaran', '10', '2', 'nesas.png', NULL, NULL),
(3, 'Otomatisasi dan Tata Kelola Perkantoran', '10', '2', 'nesas.png', NULL, NULL),
(4, 'Rekayasa Perangkat Lunak', '11', '3', 'nesas.png', NULL, NULL),
(5, 'Teknik Komputer dan Jaringan', '11', '3', 'nesas.png', NULL, NULL),
(6, 'Desain Grafika', '10', '2', 'nesas.png', NULL, NULL),
(7, 'Teknik Pemesinan', '10', '3', 'nesas.png', NULL, NULL),
(8, 'Teknik dan Bisnis Sepeda Motor', '10', '3', 'nesas.png', NULL, NULL),
(9, 'Teknik Logistik', '10', '1', 'nesas.png', NULL, NULL),
(10, 'Tata Boga', '10', '5', 'nesas.png', NULL, NULL);

-- --------------------------------------------------------

--
-- Table structure for table `migrations`
--

CREATE TABLE `migrations` (
  `id` int(10) UNSIGNED NOT NULL,
  `migration` varchar(255) COLLATE utf8mb4_unicode_ci NOT NULL,
  `batch` int(11) NOT NULL
) ENGINE=InnoDB DEFAULT CHARSET=utf8mb4 COLLATE=utf8mb4_unicode_ci;

--
-- Dumping data for table `migrations`
--

INSERT INTO `migrations` (`id`, `migration`, `batch`) VALUES
(1, '2014_10_12_000000_create_users_table', 1),
(2, '2014_10_12_100000_create_password_resets_table', 1),
(3, '2019_08_19_000000_create_failed_jobs_table', 1),
(4, '2019_12_14_000001_create_personal_access_tokens_table', 1),
(5, '2022_06_08_032752_create_jurusan_models_table', 1),
(6, '2022_06_09_135117_create_data_siswa_models_table', 1),
(7, '2022_06_11_070608_create_poin_pelanggaran_models_table', 1);

-- --------------------------------------------------------

--
-- Table structure for table `password_resets`
--

CREATE TABLE `password_resets` (
  `email` varchar(255) COLLATE utf8mb4_unicode_ci NOT NULL,
  `token` varchar(255) COLLATE utf8mb4_unicode_ci NOT NULL,
  `created_at` timestamp NULL DEFAULT NULL
) ENGINE=InnoDB DEFAULT CHARSET=utf8mb4 COLLATE=utf8mb4_unicode_ci;

-- --------------------------------------------------------

--
-- Table structure for table `personal_access_tokens`
--

CREATE TABLE `personal_access_tokens` (
  `id` bigint(20) UNSIGNED NOT NULL,
  `tokenable_type` varchar(255) COLLATE utf8mb4_unicode_ci NOT NULL,
  `tokenable_id` bigint(20) UNSIGNED NOT NULL,
  `name` varchar(255) COLLATE utf8mb4_unicode_ci NOT NULL,
  `token` varchar(64) COLLATE utf8mb4_unicode_ci NOT NULL,
  `abilities` text COLLATE utf8mb4_unicode_ci DEFAULT NULL,
  `last_used_at` timestamp NULL DEFAULT NULL,
  `created_at` timestamp NULL DEFAULT NULL,
  `updated_at` timestamp NULL DEFAULT NULL
) ENGINE=InnoDB DEFAULT CHARSET=utf8mb4 COLLATE=utf8mb4_unicode_ci;

-- --------------------------------------------------------

--
-- Table structure for table `poin_pelanggaran_models`
--

CREATE TABLE `poin_pelanggaran_models` (
  `id_poinPelanggaran` bigint(20) UNSIGNED NOT NULL,
  `data_siswa_model_id` bigint(20) UNSIGNED NOT NULL,
  `kesiangan` int(11) DEFAULT NULL,
  `alfa` int(11) DEFAULT NULL,
  `Tidak_bawa_kitab` int(11) DEFAULT NULL,
  `atribut` int(11) DEFAULT NULL,
  `perilaku_tidak_sesuai_pelajar` int(11) DEFAULT NULL,
  `pelanggaran_konten` int(11) DEFAULT NULL,
  `narkoba_serta_napza` int(11) DEFAULT NULL,
  `pornografi_pornoaksi_pencemaran_nama_baik` int(11) DEFAULT NULL,
  `pelanggaran_elektronik` int(11) DEFAULT NULL,
  `pelanggaran_kendaraan` int(11) DEFAULT NULL,
  `penginput` varchar(255) COLLATE utf8mb4_unicode_ci NOT NULL,
  `tanggal` varchar(255) COLLATE utf8mb4_unicode_ci NOT NULL,
  `created_at` timestamp NULL DEFAULT NULL,
  `updated_at` timestamp NULL DEFAULT NULL
) ENGINE=InnoDB DEFAULT CHARSET=utf8mb4 COLLATE=utf8mb4_unicode_ci;

--
-- Dumping data for table `poin_pelanggaran_models`
--

INSERT INTO `poin_pelanggaran_models` (`id_poinPelanggaran`, `data_siswa_model_id`, `kesiangan`, `alfa`, `Tidak_bawa_kitab`, `atribut`, `perilaku_tidak_sesuai_pelajar`, `pelanggaran_konten`, `narkoba_serta_napza`, `pornografi_pornoaksi_pencemaran_nama_baik`, `pelanggaran_elektronik`, `pelanggaran_kendaraan`, `penginput`, `tanggal`, `created_at`, `updated_at`) VALUES
(1, 77, NULL, NULL, NULL, NULL, NULL, NULL, NULL, NULL, -10, NULL, 'Halim Mahfud Tampubolon S.Kom', 'Friday, 08 July 2022', '2022-07-08 08:21:23', '2022-07-08 08:21:23'),
(2, 7, -5, -5, -5, -5, -25, NULL, NULL, NULL, NULL, NULL, 'Halim Mahfud Tampubolon S.Kom', 'Friday, 08 July 2022', '2022-07-08 08:23:44', '2022-07-08 08:23:44'),
(3, 3, -5, -5, -5, -5, NULL, NULL, NULL, NULL, NULL, NULL, 'Halim Mahfud Tampubolon S.Kom', 'Friday, 08 July 2022', '2022-07-08 08:29:41', '2022-07-08 08:29:41'),
(4, 20, -5, NULL, NULL, NULL, NULL, NULL, NULL, NULL, NULL, NULL, 'Halim Mahfud Tampubolon S.Kom', 'Friday, 08 July 2022', '2022-07-08 08:32:30', '2022-07-08 08:32:30'),
(5, 38, NULL, -5, NULL, NULL, NULL, NULL, NULL, NULL, NULL, NULL, 'Halim Mahfud Tampubolon S.Kom', 'Friday, 08 July 2022', '2022-07-08 08:32:43', '2022-07-08 08:32:43'),
(6, 6, NULL, NULL, -5, NULL, NULL, NULL, NULL, NULL, NULL, NULL, 'Halim Mahfud Tampubolon S.Kom', 'Friday, 08 July 2022', '2022-07-08 08:32:59', '2022-07-08 08:32:59'),
(7, 9, NULL, NULL, -5, NULL, NULL, NULL, NULL, NULL, NULL, NULL, 'Halim Mahfud Tampubolon S.Kom', 'Friday, 08 July 2022', '2022-07-08 08:33:13', '2022-07-08 08:33:13'),
(8, 143, NULL, NULL, NULL, -5, NULL, NULL, NULL, NULL, NULL, NULL, 'Halim Mahfud Tampubolon S.Kom', 'Friday, 08 July 2022', '2022-07-08 08:33:29', '2022-07-08 08:33:29'),
(9, 7, NULL, NULL, -5, NULL, NULL, NULL, NULL, NULL, NULL, NULL, 'Halim Mahfud Tampubolon S.Kom', 'Friday, 08 July 2022', '2022-07-08 08:33:59', '2022-07-08 08:33:59'),
(10, 10, NULL, NULL, -5, NULL, NULL, NULL, NULL, NULL, NULL, NULL, 'Halim Mahfud Tampubolon S.Kom', 'Friday, 08 July 2022', '2022-07-08 08:34:43', '2022-07-08 08:34:43'),
(11, 1, NULL, NULL, -5, NULL, NULL, NULL, NULL, NULL, NULL, NULL, 'Halim Mahfud Tampubolon S.Kom', 'Friday, 08 July 2022', '2022-07-08 08:35:32', '2022-07-08 08:35:32'),
(12, 7, -5, -5, -5, -5, NULL, NULL, NULL, NULL, NULL, NULL, 'Halim Mahfud Tampubolon S.Kom', 'Friday, 08 July 2022', '2022-07-08 08:36:13', '2022-07-08 08:36:13'),
(13, 104, -5, -5, -5, -5, NULL, NULL, NULL, NULL, NULL, NULL, 'Halim Mahfud Tampubolon S.Kom', 'Friday, 08 July 2022', '2022-07-08 08:37:08', '2022-07-08 08:37:08'),
(14, 2, -5, -5, -5, -5, -25, -25, -50, -50, -10, -5, 'Halim Mahfud Tampubolon S.Kom', 'Friday, 08 July 2022', '2022-07-08 08:38:04', '2022-07-08 08:38:04');

-- --------------------------------------------------------

--
-- Table structure for table `users`
--

CREATE TABLE `users` (
  `id` bigint(20) UNSIGNED NOT NULL,
  `username` varchar(255) COLLATE utf8mb4_unicode_ci NOT NULL,
  `password` varchar(255) COLLATE utf8mb4_unicode_ci NOT NULL,
  `role` varchar(255) COLLATE utf8mb4_unicode_ci NOT NULL DEFAULT 'user',
  `remember_token` varchar(100) COLLATE utf8mb4_unicode_ci DEFAULT NULL,
  `created_at` timestamp NULL DEFAULT NULL,
  `updated_at` timestamp NULL DEFAULT NULL
) ENGINE=InnoDB DEFAULT CHARSET=utf8mb4 COLLATE=utf8mb4_unicode_ci;

--
-- Dumping data for table `users`
--

INSERT INTO `users` (`id`, `username`, `password`, `role`, `remember_token`, `created_at`, `updated_at`) VALUES
(1, 'admin', '$2y$10$yrOvki5MLEzGfpzXVHfOAehIDVnM8P76hTICnsBz8NYZWzNoR68I6', 'admin', NULL, '2022-07-08 08:16:17', '2022-07-08 08:17:24'),
(2, 'Adhiarja Megantara', '$2y$10$X8VgjtGXczq2HvS5b9EzCeLAJPS6cm800hzWBE8HzrfKDBoUJbega', 'user', NULL, '2022-07-08 08:16:17', '2022-07-08 08:16:17'),
(3, 'Ana Prastuti', '$2y$10$j8R4M7A0xSwccEjycjoCzubpPQXJdKJ2WPeskrTs2fPTfUSPv8j2e', 'user', NULL, '2022-07-08 08:16:17', '2022-07-08 08:16:17'),
(4, 'Halim Mahfud Tampubolon S.Kom', '$2y$10$xGtQypp.fua728knb/vkH.cRciIMh0oU6vi2Qmo0EiEv0/UeI3Apa', 'user', NULL, '2022-07-08 08:16:17', '2022-07-08 08:16:17'),
(5, 'Alambana Permadi S.Sos', '$2y$10$dz2vxyEPf7OjCvzhBTITS.clFX0FpgJzxGfRQlRqiKEtSo92VsKRG', 'user', NULL, '2022-07-08 08:16:17', '2022-07-08 08:16:17'),
(6, 'Pangeran Gandi Sihotang M.M.', '$2y$10$hK.djfZVi2QkJUCN72b9eu5HPgQ0CTxbLFYsQtrY.IdetAgMTlpeS', 'user', NULL, '2022-07-08 08:16:17', '2022-07-08 08:16:17'),
(7, 'Ira Zulaika', '$2y$10$BgqzyLi6HQi8BJiafh6LzuHMTThVO06.fxLlAYHBmXoSyeCmQL6Zq', 'user', NULL, '2022-07-08 08:16:17', '2022-07-08 08:16:17'),
(8, 'Bagus Mansur S.IP', '$2y$10$fQYJz/mpGp1AlNIT/hVaoeTpQVhSYh0kbWoVaBGgonyHYdaptGaUK', 'user', NULL, '2022-07-08 08:16:17', '2022-07-08 08:16:17'),
(9, 'Pranawa Hidayat M.Kom.', '$2y$10$2l35JzPQgBdcEV3dCRI8yeiH2RG40uppp2vUIczOFVkiCZWI2RBuO', 'user', NULL, '2022-07-08 08:16:17', '2022-07-08 08:16:17'),
(10, 'Bakti Xanana Hidayanto', '$2y$10$vV7wuUvfNAOttYFxNen/iuV7M.iFYa3ovJYU/C0o9FroA0kLNbPH2', 'user', NULL, '2022-07-08 08:16:17', '2022-07-08 08:16:17'),
(11, 'Dariati Hidayat', '$2y$10$eGMXih0ntB1Oe/GTIK8AnebTqFmngV32Ke56wV.HIOcCt1sNvlK3m', 'user', NULL, '2022-07-08 08:16:17', '2022-07-08 08:16:17'),
(12, 'Nabila Wijayanti', '$2y$10$vtSyUu60sG6aS5D1R3XyPuPll9hpRBVkCC4AQFaSCp96splQP8oOS', 'user', NULL, '2022-07-08 08:16:17', '2022-07-08 08:16:17'),
(13, 'Siti Ella Mulyani S.E.I', '$2y$10$uOm7VIir7JK/rGhic0Za7utDlGMzRdhWxg4QVOQBJIN/biCUzNWrC', 'user', NULL, '2022-07-08 08:16:17', '2022-07-08 08:16:17'),
(14, 'Salman Sidiq Wijaya', '$2y$10$THoFJ5afa/b08IRWjdTKX.PHxRH/kbGvujGeo0Hr7l0kwGyWXKdee', 'user', NULL, '2022-07-08 08:16:17', '2022-07-08 08:16:17'),
(15, 'Unggul Eja Prakasa', '$2y$10$3zi/m/uXPPEwcnakTvrjdOXg9CTKdkaYBChgXrCZDISVdBe8tvLHe', 'user', NULL, '2022-07-08 08:16:17', '2022-07-08 08:16:17'),
(16, 'Dimaz Saragih S.E.I', '$2y$10$ccfpeIkW9grwNZXkgg7o7eG6gworENNXmz4cgBlrbZmmmhO.nSbyq', 'user', NULL, '2022-07-08 08:16:17', '2022-07-08 08:16:17'),
(17, 'Empluk Tarihoran', '$2y$10$XJ97UONeMZRmjYfGp0DaBuauTgyMKuU6gj2I0gVDw6BZ5N5JFXrYm', 'user', NULL, '2022-07-08 08:16:17', '2022-07-08 08:16:17'),
(18, 'Ivan Hutasoit S.Pd', '$2y$10$vUNJ9cRjRNdi0Ppdf7a9PuRdJ409YUHMmnOdkeIU08xknJCwsjib2', 'user', NULL, '2022-07-08 08:16:17', '2022-07-08 08:16:17'),
(19, 'Aisyah Queen Agustina S.E.I', '$2y$10$zjsSKeApHd6CBW0rJoHvBuhGeK8J6ckONZjbvHSYMpDfzZXGJ78ku', 'user', NULL, '2022-07-08 08:16:17', '2022-07-08 08:16:17'),
(20, 'Damar Ajiman Anggriawan M.Pd', '$2y$10$knO1o1eWdffNguMH5NzV5OZYG0uZ1uEvpnp8ChxjAhPER2hcnrSqW', 'user', NULL, '2022-07-08 08:16:17', '2022-07-08 08:16:17');

--
-- Indexes for dumped tables
--

--
-- Indexes for table `data_siswa_models`
--
ALTER TABLE `data_siswa_models`
  ADD PRIMARY KEY (`id_dataSiswa`),
  ADD KEY `data_siswa_models_jurusan_model_id_foreign` (`jurusan_model_id`);

--
-- Indexes for table `failed_jobs`
--
ALTER TABLE `failed_jobs`
  ADD PRIMARY KEY (`id`),
  ADD UNIQUE KEY `failed_jobs_uuid_unique` (`uuid`);

--
-- Indexes for table `jurusan_models`
--
ALTER TABLE `jurusan_models`
  ADD PRIMARY KEY (`id`);

--
-- Indexes for table `migrations`
--
ALTER TABLE `migrations`
  ADD PRIMARY KEY (`id`);

--
-- Indexes for table `password_resets`
--
ALTER TABLE `password_resets`
  ADD KEY `password_resets_email_index` (`email`);

--
-- Indexes for table `personal_access_tokens`
--
ALTER TABLE `personal_access_tokens`
  ADD PRIMARY KEY (`id`),
  ADD UNIQUE KEY `personal_access_tokens_token_unique` (`token`),
  ADD KEY `personal_access_tokens_tokenable_type_tokenable_id_index` (`tokenable_type`,`tokenable_id`);

--
-- Indexes for table `poin_pelanggaran_models`
--
ALTER TABLE `poin_pelanggaran_models`
  ADD PRIMARY KEY (`id_poinPelanggaran`),
  ADD KEY `poin_pelanggaran_models_data_siswa_model_id_foreign` (`data_siswa_model_id`);

--
-- Indexes for table `users`
--
ALTER TABLE `users`
  ADD PRIMARY KEY (`id`);

--
-- AUTO_INCREMENT for dumped tables
--

--
-- AUTO_INCREMENT for table `data_siswa_models`
--
ALTER TABLE `data_siswa_models`
  MODIFY `id_dataSiswa` bigint(20) UNSIGNED NOT NULL AUTO_INCREMENT, AUTO_INCREMENT=1001;

--
-- AUTO_INCREMENT for table `failed_jobs`
--
ALTER TABLE `failed_jobs`
  MODIFY `id` bigint(20) UNSIGNED NOT NULL AUTO_INCREMENT;

--
-- AUTO_INCREMENT for table `jurusan_models`
--
ALTER TABLE `jurusan_models`
  MODIFY `id` bigint(20) UNSIGNED NOT NULL AUTO_INCREMENT, AUTO_INCREMENT=11;

--
-- AUTO_INCREMENT for table `migrations`
--
ALTER TABLE `migrations`
  MODIFY `id` int(10) UNSIGNED NOT NULL AUTO_INCREMENT, AUTO_INCREMENT=8;

--
-- AUTO_INCREMENT for table `personal_access_tokens`
--
ALTER TABLE `personal_access_tokens`
  MODIFY `id` bigint(20) UNSIGNED NOT NULL AUTO_INCREMENT;

--
-- AUTO_INCREMENT for table `poin_pelanggaran_models`
--
ALTER TABLE `poin_pelanggaran_models`
  MODIFY `id_poinPelanggaran` bigint(20) UNSIGNED NOT NULL AUTO_INCREMENT, AUTO_INCREMENT=15;

--
-- AUTO_INCREMENT for table `users`
--
ALTER TABLE `users`
  MODIFY `id` bigint(20) UNSIGNED NOT NULL AUTO_INCREMENT, AUTO_INCREMENT=21;

--
-- Constraints for dumped tables
--

--
-- Constraints for table `data_siswa_models`
--
ALTER TABLE `data_siswa_models`
  ADD CONSTRAINT `data_siswa_models_jurusan_model_id_foreign` FOREIGN KEY (`jurusan_model_id`) REFERENCES `jurusan_models` (`id`) ON DELETE CASCADE;

--
-- Constraints for table `poin_pelanggaran_models`
--
ALTER TABLE `poin_pelanggaran_models`
  ADD CONSTRAINT `poin_pelanggaran_models_data_siswa_model_id_foreign` FOREIGN KEY (`data_siswa_model_id`) REFERENCES `data_siswa_models` (`id_dataSiswa`) ON DELETE CASCADE;
COMMIT;

/*!40101 SET CHARACTER_SET_CLIENT=@OLD_CHARACTER_SET_CLIENT */;
/*!40101 SET CHARACTER_SET_RESULTS=@OLD_CHARACTER_SET_RESULTS */;
/*!40101 SET COLLATION_CONNECTION=@OLD_COLLATION_CONNECTION */;
